timestamp_utc,symbol,last_close,action,quantity,order_type,limit_price,confidence,approved,risk_reason,estimated_notional,rationale,invalidation_condition
2026-05-16T16:36:30.100777+00:00,AAPL,300.2300109863281,HOLD,0.0,LMT,,0.9,False,Model chose HOLD.,0.0,"The RSI is currently 88.43, which indicates the stock is severely overbought. Although the price is in a strong uptrend above both the 20-day and 50-day SMAs, buying at this extreme level increases the risk of a short-term correction. Per instructions to prefer HOLD unless the setup is strong, the current overbought condition makes this an unfavorable entry point.","RSI drops below 70 or price pulls back to the 20-day SMA, creating a more favorable entry point."
2026-05-16T16:37:05.719242+00:00,MSFT,421.9200134277344,HOLD,0.0,LMT,,0.7,False,Model chose HOLD.,0.0,"The stock is in a clear bullish trend, trading above both the 20-day and 50-day SMAs with a significant increase in volume. However, the recent 3.05% daily gain suggests the price may be temporarily extended. With an RSI of 48.12, the asset is neutral, but per instructions to prefer HOLD unless the setup is strong, waiting for a slight pullback or consolidation after the spike is the more prudent approach.",Price closes below the 20-day SMA (417.41).
2026-05-16T16:37:38.314130+00:00,SPY,739.1699829101562,HOLD,0.0,LMT,,0.8,False,Model chose HOLD.,0.0,"The asset is in a strong bullish trend with the price well above both the 20-day and 50-day SMAs. However, the RSI is at 69.61, which is very close to the overbought threshold of 70. While there was a minor 1-day dip, the price remains significantly extended from its moving averages. Following the instruction to prefer HOLD unless the setup is strong, the current overbought condition suggests waiting for a more favorable entry point or a confirmed trend continuation.",A decisive break below the SMA 20 (723.80) or a sharp increase in RSI above 75.
2026-05-16T16:50:28.790379+00:00,QQQ,708.9299926757812,HOLD,0.0,LMT,,0.8,False,Model chose HOLD.,0.0,"The RSI is currently 73.26, indicating overbought conditions. Additionally, the price is significantly extended above both the 20-day and 50-day SMAs. The recent 1-day decline on higher-than-average volume suggests a potential short-term pullback or consolidation phase.",A decisive break above recent local highs or a retracement to the 20-day SMA.
2026-05-16T16:50:54.224281+00:00,XLK,176.25999450683594,HOLD,0.0,LMT,,0.8,False,Model chose HOLD.,0.0,"XLK is in a strong long-term uptrend with the price well above both the 20-day and 50-day SMAs. However, the RSI of 73.31 indicates the asset is currently overbought. The recent 1-day decline of 1.81% suggests a potential short-term correction or consolidation phase. Entering a long position at this level carries a high risk of buying a local peak.",A decisive close below the 20-day SMA (165.55) would invalidate the current bullish structure.
2026-05-16T16:51:21.308591+00:00,XLF,51.099998474121094,HOLD,0.0,LMT,,0.7,False,Model chose HOLD.,0.0,"The price is currently trading between the 20-day SMA (51.70) and the 50-day SMA (50.60), indicating a lack of a clear short-term trend. The RSI of 39.14 is neutral and does not signal an oversold condition strong enough to justify a BUY, nor is there a strong bearish breakdown to justify a SELL.",Price closing significantly below the 50-day SMA or RSI dropping below 30.
2026-05-16T16:51:57.887643+00:00,XLY,116.52999877929688,HOLD,0.0,LMT,,0.7,False,Model chose HOLD.,0.0,"The price is currently trading between the 20-day SMA (118.51) and the 50-day SMA (114.37). While the medium-term trend remains positive, the short-term momentum is bearish as indicated by the 1-day and 5-day percentage drops and the RSI of 43.88. There is no strong signal for a reversal or a breakdown at this time.",A decisive close below the 50-day SMA (114.37) or a strong recovery above the 20-day SMA (118.51).
2026-05-16T16:52:34.842861+00:00,AAPL,300.2300109863281,HOLD,0.0,LMT,,0.85,False,Model chose HOLD.,0.0,"AAPL is currently in a strong uptrend, trading significantly above both its 20-day and 50-day SMAs. However, the RSI of 88.43 indicates the stock is severely overbought. Following the instruction to prefer HOLD unless the setup is strong, entering a BUY at this extreme RSI level presents a high risk of a short-term pullback.",RSI drops below 70 or price retraces toward the 20-day SMA.
2026-05-16T16:53:21.252472+00:00,MSFT,421.9200134277344,HOLD,0.0,LMT,,0.7,False,Model chose HOLD.,0.0,"The stock is in a clear bullish trend, trading above both the 20-day and 50-day SMAs with a significant increase in volume. However, the recent 3.05% daily price jump suggests the asset is currently extended. Following the instruction to prefer HOLD unless the setup is strong, it is prudent to wait for a minor pullback or consolidation to avoid buying at a short-term peak.","Price closes below the 50-day SMA (399.06), signaling a trend reversal."
2026-05-16T16:54:03.992652+00:00,NVDA,225.32000732421875,BUY,0.0088,LMT,225.0,0.65,False,Confidence below 0.85.,,"NVDA is in a strong bullish trend with the current price well above both the 20-day and 50-day SMAs. The recent 4.42% daily pullback provides a favorable entry point for a long position while the RSI remains neutral (56.24), suggesting there is room for further upside.",Price closes below the 20-day SMA of 210.30.
2026-05-16T16:54:44.390358+00:00,WMT,131.4499969482422,HOLD,0.0,LMT,,0.7,False,Model chose HOLD.,0.0,"WMT is in a clear bullish trend with the price trading above both the 20-day and 50-day SMAs. The RSI of 62.5 indicates positive momentum without being overbought. While the trend is strong, there is no immediate high-conviction entry signal (such as a bounce off support or a breakout), and per instructions, HOLD is preferred unless the setup is exceptionally strong.",Price closes below the 20-day SMA of 129.89.
2026-05-16T16:55:14.372003+00:00,HD,297.510009765625,HOLD,0.0,LMT,,0.8,False,Model chose HOLD.,0.0,"The stock is currently in a strong downtrend, trading significantly below both its 20-day and 50-day SMAs. While the RSI of 25.72 indicates an oversold condition, the increased volume accompanying the price drop suggests strong bearish momentum. Following the instruction to prefer HOLD unless the setup is strong, I am avoiding 'catching a falling knife' until a reversal signal is confirmed.",A bullish reversal pattern or the RSI crossing back above 30 with positive price action.
2026-05-16T16:55:47.333724+00:00,TGT,121.54000091552734,HOLD,0.0,LMT,,0.7,False,Model chose HOLD.,0.0,"The stock is currently trading below its 20-day SMA (125.98) and is testing the 50-day SMA (121.28) as support. While the RSI is low at 37.76, it has not yet reached the oversold threshold (<30), and the short-term trend remains bearish. There is no strong signal for a reversal or a breakdown at this moment.",A decisive close below the 50-day SMA (121.28) or an RSI drop below 30.
2026-05-17T09:43:43.493813+00:00,SPY,739.1699829101562,HOLD,0.0,LMT,,0.7,False,Model chose HOLD.,0.0,"The asset is in a strong bullish trend, trading well above both the SMA 20 and SMA 50. However, the RSI is currently at 69.61, which is very close to the overbought threshold of 70. While there was a 1.2% dip today, the price remains significantly extended from its 20-day moving average. Given the preference for HOLD unless a setup is strong, it is safer to wait for a more pronounced pullback or for the RSI to cool down before initiating a long position.","Price closes below the SMA 20 (723.80), indicating a potential trend reversal."
2026-05-17T09:44:25.907518+00:00,QQQ,708.9299926757812,HOLD,0.0,LMT,,0.8,False,Model chose HOLD.,0.0,"QQQ is in a strong long-term uptrend, trading significantly above its 20-day and 50-day SMAs. However, the RSI of 73.26 indicates the asset is currently overbought, and the 1.5% daily decline suggests a short-term correction may be underway. Per instructions to prefer HOLD unless the setup is strong, it is prudent to wait for a better entry point.",Price drops below the 20-day SMA of 680.36 or RSI falls below 50.
2026-05-17T09:44:59.856395+00:00,XLK,176.25999450683594,HOLD,0.0,LMT,,0.8,False,Model chose HOLD.,0.0,"The asset is in a strong bullish trend with price above both the 20-day and 50-day SMAs. However, the RSI of 73.31 indicates that XLK is currently overbought. The recent 1-day decline of 1.81% suggests a potential short-term correction or consolidation. Following the instruction to prefer HOLD unless the setup is strong, I am avoiding a BUY at these overextended levels.",Price closes significantly below the 20-day SMA or RSI drops below 50.
2026-05-17T09:45:28.904564+00:00,XLF,51.099998474121094,HOLD,0.0,LMT,,0.6,False,Model chose HOLD.,0.0,"The price is currently trading between the 20-day SMA (51.70) and the 50-day SMA (50.60). While the RSI is relatively low at 39.14, there is no strong momentum or clear reversal signal to justify a trade. Following the instruction to prefer HOLD unless the setup is strong.",N/A
2026-05-17T09:45:59.710464+00:00,XLY,116.52999877929688,HOLD,0.0,LMT,,0.7,False,Model chose HOLD.,0.0,"The price is currently trading between the 20-day SMA (118.51) and the 50-day SMA (114.37). While the short-term trend is bearish (below SMA 20) and the 5-day performance is negative, the RSI is neutral at 43.88, and the price remains above the medium-term support of the 50-day SMA. There is no strong signal to buy or sell at this time.",Price closing significantly below the 50-day SMA (114.37) or RSI dropping below 30.
2026-05-17T09:46:25.811546+00:00,AAPL,300.2300109863281,HOLD,0.0,LMT,,0.9,False,Model chose HOLD.,0.0,"While the stock is in a strong bullish trend with the price well above both the 20-day and 50-day SMAs, the RSI of 88.43 indicates that the asset is extremely overbought. Entering a long position at this level presents a high risk of a short-term correction.",RSI drops below 60 or price closes below the 20-day SMA.
2026-05-17T09:47:06.827740+00:00,MSFT,421.9200134277344,HOLD,0.0,LMT,,0.7,False,Model chose HOLD.,0.0,"The stock is in a bullish trend, trading above both the 20-day and 50-day SMAs, supported by a significant increase in volume. However, the RSI is neutral (48.12) and the price has just jumped 3.05% in one day, which may lead to short-term consolidation. Per instructions to prefer HOLD unless the setup is exceptionally strong, I am waiting for a clearer entry point or a slight pullback.",Price closes below the 20-day SMA (417.41).
2026-05-17T09:47:44.243996+00:00,NVDA,225.32000732421875,BUY,0.0088,LMT,225.0,0.65,False,Confidence below 0.85.,,"NVDA is maintaining a strong bullish trend with the price well above both the 20-day and 50-day SMAs. The recent 4.42% daily decline represents a short-term pullback in an uptrend, providing a favorable entry point. RSI at 56.24 indicates the stock is not overbought, leaving room for further upside.",Price closes below the 20-day SMA of 210.30.
2026-05-17T09:48:19.545553+00:00,WMT,131.4499969482422,BUY,0.0152,LMT,131.4,0.6,False,Confidence below 0.85.,,"The stock is in a clear bullish trend, trading above both its 20-day and 50-day SMAs. The RSI of 62.5 indicates positive momentum without being overbought. Increased volume suggests strong institutional interest, and the slight daily dip provides a favorable entry point to ride the trend.",Price closes below the 20-day SMA of 129.89.
2026-05-17T09:48:52.102921+00:00,HD,297.510009765625,HOLD,0.0,LMT,,0.8,False,Model chose HOLD.,0.0,"The stock is currently in a strong downtrend, trading well below both its 20-day (323.23) and 50-day (330.65) SMAs. While the RSI of 25.72 indicates an oversold condition, the increased volume accompanying the price decline suggests strong bearish momentum. Entering now would be 'catching a falling knife'.",Price closes above the 20-day SMA (323.23) with a bullish reversal candle.
2026-05-18T14:18:04.965265+00:00,QQQ,709.6799926757812,HOLD,0.0,LMT,,0.9,False,Model chose HOLD.,0.0,The asset is significantly overbought with an RSI of 78.91 and has experienced an extreme single-day price increase of 10.58%. Buying at this peak presents a high risk of a short-term correction or mean reversion toward the SMA 20.,A consolidation period where RSI drops below 60 while price remains above the SMA 20.
2026-05-18T14:18:44.320859+00:00,XLK,175.1199951171875,HOLD,0.0,LMT,,0.8,False,Model chose HOLD.,0.0,"XLK is in a strong long-term uptrend with the price above both the 20-day and 50-day SMAs. However, the RSI of 76.93 indicates the asset is currently overbought, and recent 5-day price action shows a slight decline. Entering a long position at these levels carries a high risk of buying a local top.",Price breaks significantly below the 20-day SMA (166.57) or RSI drops below 50.
2026-05-18T14:19:13.669894+00:00,XLF,51.675899505615234,HOLD,0.0,LMT,,0.8,False,Model chose HOLD.,0.0,"The price is trading very close to its 20-day SMA with a neutral RSI of 47.71. Furthermore, the latest volume is significantly lower than the 20-day average, indicating a lack of strong momentum or conviction in the current price movement. Per instructions, HOLD is preferred unless the setup is strong.",A decisive breakout above $52.00 on high volume or a drop below the 50-day SMA ($50.63).
2026-05-18T14:19:39.803951+00:00,XLY,117.73999786376953,HOLD,0.0,LMT,,0.7,False,Model chose HOLD.,0.0,"The price is currently trading between the 20-day SMA (118.40) and the 50-day SMA (114.44). With a neutral RSI of 53.29 and trading volume significantly below the 20-day average, there is no strong momentum or clear technical signal to justify a trade at this time.",A decisive break above the 20-day SMA with increased volume or a drop below the 50-day SMA support.
2026-05-18T14:20:14.367724+00:00,AAPL,298.0899963378906,HOLD,0.0,LMT,,0.9,False,Model chose HOLD.,0.0,"The RSI is 83.05, which is significantly overbought, indicating that the stock is likely extended in the short term. While the price remains well above the 20-day and 50-day SMAs, entering a long position at this level carries a high risk of a pullback. Volume is also currently well below the 20-day average.",A significant price drop below the 20-day SMA or a cooling of the RSI to below 60.
2026-05-18T14:20:57.182595+00:00,MSFT,423.8699951171875,HOLD,0.0,LMT,,0.7,False,Model chose HOLD.,0.0,"The stock is in a bullish trend, trading above both the 20-day and 50-day SMAs. However, the RSI is neutral (46.4) and the latest volume is significantly lower than the 20-day average, suggesting a lack of strong immediate momentum. Following the instruction to prefer HOLD unless the setup is strong, I am waiting for a volume spike or a pullback to a support level.",Price closes below the 20-day SMA (417.70) or RSI exceeds 70.
2026-05-18T14:21:23.555335+00:00,NVDA,225.08999633789062,HOLD,0.0,LMT,,0.7,False,Model chose HOLD.,0.0,"The stock is in a clear bullish trend, trading above both the 20-day and 50-day SMAs. However, the latest volume is significantly lower than the 20-day average, and the 1-day price change is slightly negative, suggesting a period of consolidation. Without a strong catalyst or a pullback to a support level, a HOLD is preferred.",Price closes below the 20-day SMA (211.45).
2026-05-18T14:22:49.931797+00:00,TGT,123.24500274658203,HOLD,0.0,LMT,,0.7,False,Model chose HOLD.,0.0,"The price is currently trading between the 20-day SMA (125.69) and the 50-day SMA (121.35). While the 5-day trend is positive, the RSI is neutral (45.10) and the latest volume is significantly below the 20-day average, indicating a lack of strong momentum to justify a BUY or SELL entry at this time.",A decisive break above the 20-day SMA with increased volume or a drop below the 50-day SMA.
2026-05-19T07:15:56.070279+00:00,SPY,738.6500244140625,HOLD,0.0,LMT,,0.8,False,Model chose HOLD.,0.0,"SPY is currently in a strong uptrend, trading well above its 20-day and 50-day SMAs. However, the RSI of 73.15 indicates the asset is overbought. With a slight negative price change over the last 5 days, the market may be entering a consolidation phase. It is prudent to wait for a pullback or for the RSI to cool down before initiating a new position.",Price closes significantly below the 20-day SMA (725.30) or RSI drops below 50.
2026-05-19T07:16:24.182461+00:00,QQQ,705.8800048828125,HOLD,0.0,LMT,,0.8,False,Model chose HOLD.,0.0,"The RSI is currently at 76.14, which indicates that QQQ is in overbought territory. Although the price remains well above the 20-day and 50-day SMAs, suggesting a strong uptrend, the current overextension makes a BUY entry risky. Following the instruction to prefer HOLD unless the setup is strong, I recommend waiting for a pullback or RSI normalization.",A significant price drop below the SMA 20 or RSI falling back to neutral levels (40-50).
2026-05-19T07:16:59.866212+00:00,XLK,174.36000061035156,HOLD,0.0,LMT,,0.8,False,Model chose HOLD.,0.0,"XLK is in a strong long-term uptrend, trading well above its 20-day and 50-day SMAs. However, the RSI of 75.14 indicates the asset is currently overbought. Recent 1-day and 5-day price declines suggest a potential short-term correction or consolidation phase. Entering a BUY position at this level carries high risk due to the overbought condition.",A decisive break below the 20-day SMA (166.54) would invalidate the current bullish trend.
2026-05-19T07:17:29.034144+00:00,XLF,51.7400016784668,HOLD,0.0,LMT,,0.7,False,Model chose HOLD.,0.0,"The price is currently trading above both the 20-day SMA (51.65) and 50-day SMA (50.63), suggesting a positive trend. However, the RSI is neutral at 48.58, and there is no strong momentum signal or clear breakout pattern present. Following the instruction to prefer HOLD unless the setup is strong, no trade is recommended at this time.",Price closing below the 20-day SMA (51.65) would signal a shift in short-term momentum.
2026-05-19T07:18:00.349853+00:00,AAPL,297.8399963378906,HOLD,0.0,LMT,,0.9,False,Model chose HOLD.,0.0,"The RSI is currently at 82.55, which is deeply in overbought territory. Additionally, the price is significantly extended above both the 20-day and 50-day SMAs. Entering a long position at this level carries a high risk of a short-term pullback.","RSI drops below 60 or price retraces toward the 20-day SMA (282.61), creating a better risk-reward entry point."
2026-05-19T07:18:28.191816+00:00,MSFT,423.5400085449219,HOLD,0.0,LMT,,0.7,False,Model chose HOLD.,0.0,"The stock is in a bullish trend as the price is above both the 20-day and 50-day SMAs. However, the RSI is neutral at 46.17, and there is no strong momentum or clear pullback signal to justify a new entry. Following the preference for HOLD unless a setup is strong, no trade is recommended at this time.",Price closes below the 20-day SMA (417.68) or RSI indicates an overbought condition (>70).
2026-05-19T07:19:16.725004+00:00,WMT,133.33999633789062,HOLD,0.0,LMT,,0.7,False,Model chose HOLD.,0.0,"WMT is in a clear bullish trend, trading above both its 20-day and 50-day SMAs with positive short-term momentum. However, the price is currently extended from the SMA 20, and the RSI of 66.37 is approaching overbought territory. Per the instruction to prefer HOLD unless the setup is exceptionally strong, it is safer to wait for a minor pullback or consolidation rather than buying at a local peak.","Price closes below the 20-day SMA (130.18) or RSI exceeds 75, indicating an overextended state."
2026-05-19T07:19:46.539352+00:00,HD,299.80999755859375,HOLD,0.0,LMT,,0.8,False,Model chose HOLD.,0.0,"The stock is currently in a strong downtrend, trading well below both its 20-day and 50-day SMAs. Although the RSI is in oversold territory (29.31), there is no confirmed bullish reversal signal or price action to justify a BUY entry. Following the instruction to prefer HOLD unless the setup is strong.",Price closes above the 20-day SMA (320.67) on high volume.
2026-05-19T07:20:15.207940+00:00,TGT,123.4000015258789,HOLD,0.0,LMT,,0.7,False,Model chose HOLD.,0.0,"The stock is currently trading between its 20-day SMA (125.70) and 50-day SMA (121.35). While the 5-day trend is positive, the RSI is neutral (45.41) and current volume is below the 20-day average, indicating a lack of strong momentum to justify a BUY or SELL entry at this time.",A decisive close above the 20-day SMA with increased volume or a break below the 50-day SMA support.
2026-05-19T16:07:54.885702+00:00,SPY,733.0650024414062,HOLD,0.0,LMT,,0.8,False,Model chose HOLD.,0.0,"The asset is in a clear long-term uptrend, trading above both the 20-day and 50-day SMAs. However, short-term momentum is slightly negative, and the RSI at 66.86 is approaching overbought territory. Current volume is significantly lower than the 20-day average, suggesting a lack of conviction in the current price movement. Following the preference for HOLD unless a strong setup is present, it is best to wait for a clearer entry signal or a pullback to the SMA 20.",A daily close below the 20-day SMA (726.75) would invalidate the current bullish short-term structure.
2026-05-19T16:08:48.383072+00:00,XLK,172.6199951171875,HOLD,0.0,LMT,,0.8,False,Model chose HOLD.,0.0,"XLK is currently in a bullish trend, trading above both its 20-day and 50-day SMAs. However, the RSI is at 70.28, indicating overbought conditions, and the short-term price momentum is negative (-1% 1d, -1.47% 5d). Without a clear reversal or a pullback to support, the setup is not strong enough to justify a BUY or SELL.",Price closes below the 20-day SMA (167.43) or RSI drops below 50.
2026-05-19T16:09:54.123832+00:00,XLY,114.47000122070312,HOLD,0.0,LMT,,0.7,False,Model chose HOLD.,0.0,"The price is currently testing the 50-day SMA (114.42) and remains below the 20-day SMA (118.11). With a negative 5-day trend and low trading volume relative to the average, there is no strong signal for a reversal or a breakout to justify a trade.",A decisive close below the 50-day SMA or a strong rally above the 20-day SMA.
2026-05-19T16:10:35.738723+00:00,MSFT,418.1700134277344,HOLD,0.0,LMT,,0.7,False,Model chose HOLD.,0.0,"The stock is in a bullish trend as the price remains above both the 20-day and 50-day SMAs. However, the current 1-day decline is minor and occurred on below-average volume, and the RSI is neutral at 45.81. There is no strong signal for a high-conviction entry or exit at this time.",Price closes below the 50-day SMA (399.53) or RSI drops significantly below 40.
2026-05-19T16:11:01.028335+00:00,NVDA,220.42999267578125,HOLD,0.0,LMT,,0.7,False,Model chose HOLD.,0.0,"The stock is in a bullish trend, trading above both the 20-day and 50-day SMAs. However, the current daily price action is flat with significantly lower than average volume, indicating a lack of strong momentum for a new entry. RSI is neutral at 58.30, suggesting no immediate overbought or oversold conditions.",A decisive break below the SMA 20 (212.34) or a surge in RSI above 70.
2026-05-19T16:11:33.598382+00:00,WMT,134.83999633789062,HOLD,0.0,LMT,,0.7,False,Model chose HOLD.,0.0,"WMT is showing a strong bullish trend with the price above both the 20-day and 50-day SMAs. However, the RSI is approaching overbought territory (68.25) and the latest volume is significantly lower than the 20-day average, suggesting a potential period of consolidation or a lack of immediate momentum to justify a new entry at current prices.",Price dropping below the 20-day SMA (130.45) would invalidate the current short-term bullish setup.
2026-05-19T16:12:00.675086+00:00,HD,301.0450134277344,HOLD,0.0,LMT,,0.85,False,Model chose HOLD.,0.0,"The stock is currently in a strong downtrend, trading well below both its 20-day SMA (318.53) and 50-day SMA (328.53). While the RSI of 33.43 indicates the stock is approaching oversold territory, there is no clear bullish reversal signal or support confirmation. Following the instruction to prefer HOLD unless the setup is strong, no trade is recommended.",Price closing above the 20-day SMA on high volume.
2026-05-19T16:12:38.802992+00:00,TGT,126.55999755859375,HOLD,0.0,LMT,,0.7,False,Model chose HOLD.,0.0,"The stock is currently in a bullish trend, trading above both its 20-day and 50-day SMAs. However, the RSI is neutral at 49.81 and the latest volume is slightly below the 20-day average. Without a strong catalyst or a clear entry signal such as a pullback to support or a high-volume breakout, the setup is not strong enough to override the preference for HOLD.",Price closes below the 20-day SMA (125.49).
2026-07-17T05:19:55.125286+00:00,SPY,750.719970703125,HOLD,0.0,LMT,,0.7,False,Model chose HOLD.,0.0,"The asset is in a bullish trend with the price remaining above both the 20-day and 50-day SMAs. However, the recent 1-day and 5-day returns are slightly negative, and the RSI is neutral (63.13). There is no strong, immediate signal for a BUY entry, and per instructions, HOLD is preferred unless a strong setup is present.",Price closing below the 20-day SMA (744.81) would signal a trend reversal.
2026-07-17T05:20:20.568172+00:00,QQQ,705.9400024414062,HOLD,0.0,LMT,,0.8,False,Model chose HOLD.,0.0,"The price is currently trading below both the 20-day (719.62) and 50-day (718.23) simple moving averages, indicating a short-term bearish trend. The RSI of 46.24 is neutral, suggesting the asset is neither overbought nor oversold. Without a clear reversal signal or support bounce, the setup is not strong enough to justify a BUY.",Price closing above the 20-day SMA (719.62) on high volume.
2026-07-17T05:20:45.251231+00:00,XLK,177.52000427246094,HOLD,0.0,LMT,,0.8,False,Model chose HOLD.,0.0,"The asset is currently in a bearish trend, trading below both its 20-day (184.16) and 50-day (182.52) simple moving averages. With an RSI of 42.91, it is not yet oversold, and the negative 5-day price action suggests continued downward momentum. There is no strong signal for a reversal at this time.",Price closes above the 20-day SMA of 184.16.
2026-07-17T05:21:10.121869+00:00,XLF,56.75,HOLD,0.0,LMT,,0.85,False,Model chose HOLD.,0.0,"While the price trend is bullish (trading above both SMA 20 and SMA 50), the RSI of 78.16 indicates that the asset is currently overbought. Entering a long position at this level increases the risk of a short-term correction.",A significant price pullback to the 20-day SMA or a decrease in RSI to neutral levels (below 60) would create a more favorable entry point.
2026-07-17T05:21:38.092188+00:00,XLY,117.33999633789062,HOLD,0.0,LMT,,0.7,False,Model chose HOLD.,0.0,"The price is currently trading above both the 20-day and 50-day SMAs, and the RSI is in a healthy bullish range (64.22). However, the latest volume is significantly lower than the 20-day average, indicating a lack of strong momentum to justify a new entry at this time. Following the preference for HOLD unless the setup is strong.",Price drops below the 20-day SMA of 116.22.
2026-07-17T05:22:00.331053+00:00,AAPL,333.260009765625,HOLD,0.0,LMT,,0.9,False,Model chose HOLD.,0.0,"The RSI is extremely overbought at 89.86, indicating that the stock is likely due for a pullback or consolidation despite the strong positive momentum and price being well above the SMA 20 and SMA 50.",RSI drops below 70 or price closes below the 20-day SMA.
2026-07-17T05:22:23.260122+00:00,MSFT,401.1000061035156,HOLD,0.0,LMT,,0.85,False,Model chose HOLD.,0.0,"The RSI is currently 77.52, which indicates the stock is in overbought territory. While the 5-day trend is positive, entering a position at this level increases the risk of a short-term pullback. The price is also trading slightly below the SMA 50, suggesting a lack of strong immediate breakout momentum.",RSI drops below 60 or price closes decisively above the SMA 50 with increased volume.
2026-07-17T05:22:50.989638+00:00,NVDA,207.39999389648438,HOLD,0.0,LMT,,0.7,False,Model chose HOLD.,0.0,"The price is currently trading between the 20-day SMA (202.22) and the 50-day SMA (209.68). While the 5-day trend is positive, the 1-day decline and a neutral RSI of 60.35 indicate a lack of strong immediate momentum in either direction. Following the instruction to prefer HOLD unless the setup is strong, no trade is recommended.",A decisive close below the 20-day SMA or a strong breakout above the 50-day SMA.
2026-07-17T05:23:14.155500+00:00,WMT,114.94999694824219,HOLD,0.0,LMT,,0.7,False,Model chose HOLD.,0.0,"The price is currently showing a short-term recovery, trading slightly above the 20-day SMA (114.41) but remains below the 50-day SMA (119.96). With an RSI of 48.09, the momentum is neutral. There is no strong breakout or oversold signal to justify a BUY or SELL at this time.",A decisive break above the 50-day SMA or a drop below the 20-day SMA.
2026-07-17T05:23:35.745245+00:00,HD,348.0199890136719,HOLD,0.0,LMT,,0.6,False,Model chose HOLD.,0.0,"The stock is in a bullish trend, trading above both the 20-day and 50-day SMAs. However, the RSI is neutral (52.42) and there is no strong immediate catalyst or specific setup (like a pullback to support or a high-volume breakout) to justify a BUY entry at this time. Following the instruction to prefer HOLD unless the setup is strong.",Price closes below the 20-day SMA (342.01).
2026-07-17T05:23:58.462717+00:00,TGT,140.2100067138672,HOLD,0.0,LMT,,0.7,False,Model chose HOLD.,0.0,"The stock is in a bullish trend, trading above both the 20-day and 50-day SMAs. However, the RSI is neutral at 51, and the price is currently extended above the SMA 20. Following the instruction to prefer HOLD unless the setup is strong, I am waiting for a more definitive entry signal such as a pullback to the SMA 20 or a high-volume breakout.",Price closing below the 20-day SMA (133.47).
